Country,Year,Male
Costa Rica,1990,73.1
Costa Rica,1991,73.3
Costa Rica,1992,73.5
Costa Rica,1993,73.7
Costa Rica,1994,74
Costa Rica,1995,74.2
Costa Rica,1996,74.4
Costa Rica,1997,74.6
Costa Rica,1998,74.8
Costa Rica,1999,75
Costa Rica,2000,75.5
Costa Rica,2001,75.7
Costa Rica,2002,76
Costa Rica,2003,76.1
Costa Rica,2004,76.2
Costa Rica,2005,76.4
Costa Rica,2006,76.5
Costa Rica,2007,76.6
Costa Rica,2008,76.8
Costa Rica,2009,76.9
Costa Rica,2010,76.6
Costa Rica,2011,76.6
Costa Rica,2012,76.9
Costa Rica,2013,77.1
Costa Rica,2014,77.2
Costa Rica,2015,77.4
Costa Rica,2016,77.5
Costa Rica,2017,77.6
Costa Rica,2018,77.8
Costa Rica,2019,77.9
Costa Rica,2020,78.1
Costa Rica,2021,78.2
Costa Rica,2022,78.3
Greece,1990,74.7
Greece,1991,74.8
Greece,1992,74.7
Greece,1993,75.1
Greece,1994,75.3
Greece,1995,75.2
Greece,1996,75.3
Greece,1997,75.7
Greece,1998,75.8
Greece,1999,75.9
Greece,2000,75.9
Greece,2001,76.3
Greece,2002,76.4
Greece,2003,76.6
Greece,2004,76.6
Greece,2005,76.8
Greece,2006,77.1
Greece,2007,76.9
Greece,2008,77.5
Greece,2009,77.5
Greece,2010,78
Greece,2011,78
Greece,2012,78
Greece,2013,78.7
Greece,2014,78.8
Greece,2015,78.5
Greece,2016,78.9
Greece,2017,78.8
Greece,2018,79.3
Greece,2019,79.2
Greece,2020,78.8
Greece,2021,77.4
Greece,2022,78.1
Argentina,1990,68.1
Argentina,1991,68.6
Argentina,1992,69
Argentina,1993,69.1
Argentina,1994,69.2
Argentina,1995,70.2
Argentina,1996,70
Argentina,1997,70.1
Argentina,1998,69.7
Argentina,1999,70.1
Argentina,2000,70.4
Argentina,2001,70.6
Argentina,2002,70.7
Argentina,2003,70.8
Argentina,2004,70.8
Argentina,2005,71.5
Argentina,2006,71.7
Argentina,2007,72.1
Argentina,2008,71.5
Argentina,2009,72.3
Argentina,2010,72.7
Argentina,2011,72.5
Argentina,2012,72.8
Argentina,2013,72.9
Argentina,2014,73
Argentina,2015,73.4
Argentina,2016,73.3
Argentina,2017,72.9
Argentina,2018,73.5
Argentina,2019,73.6
Argentina,2020,73.9
Argentina,2021,72.5
Argentina,2022,72.2
Korea,1990,67.5
Korea,1991,67.9
Korea,1992,68.4
Korea,1993,68.9
Korea,1994,69.3
Korea,1995,69.7
Korea,1996,70.2
Korea,1997,70.7
Korea,1998,71.2
Korea,1999,71.8
Korea,2000,72.3
Korea,2001,72.9
Korea,2002,73.4
Korea,2003,73.8
Korea,2004,74.3
Korea,2005,74.9
Korea,2006,75.4
Korea,2007,75.9
Korea,2008,76.2
Korea,2009,76.7
Korea,2010,76.8
Korea,2011,77.3
Korea,2012,77.6
Korea,2013,78.1
Korea,2014,78.6
Korea,2015,79
Korea,2016,79.3
Korea,2017,79.7
Korea,2018,79.7
Korea,2019,80.3
Korea,2020,80.5
Korea,2021,80.6
Estonia,1990,64.7
Estonia,1991,64.4
Estonia,1992,63.4
Estonia,1993,62.3
Estonia,1994,60.6
Estonia,1995,61.4
Estonia,1996,64.2
Estonia,1997,64.2
Estonia,1998,63.9
Estonia,1999,65
Estonia,2000,65.6
Estonia,2001,65.2
Estonia,2002,65.6
Estonia,2003,66.4
Estonia,2004,66.7
Estonia,2005,67.6
Estonia,2006,67.6
Estonia,2007,67.5
Estonia,2008,68.9
Estonia,2009,70
Estonia,2010,70.9
Estonia,2011,71.4
Estonia,2012,71.4
Estonia,2013,72.8
Estonia,2014,72.4
Estonia,2015,73.2
Estonia,2016,73.3
Estonia,2017,73.8
Estonia,2018,74
Estonia,2019,74.5
Estonia,2020,74.4
Estonia,2021,72.7
Estonia,2022,73.7
Belgium,1990,72.7
Belgium,1991,72.9
Belgium,1992,73
Belgium,1993,73
Belgium,1994,73.4
Belgium,1995,73.5
Belgium,1996,73.9
Belgium,1997,74.2
Belgium,1998,74.4
Belgium,1999,74.4
Belgium,2000,74.6
Belgium,2001,74.9
Belgium,2002,75.1
Belgium,2003,75.3
Belgium,2004,76
Belgium,2005,76.2
Belgium,2006,76.6
Belgium,2007,77.1
Belgium,2008,76.9
Belgium,2009,77.4
Belgium,2010,77.5
Belgium,2011,78
Belgium,2012,77.8
Belgium,2013,78.1
Belgium,2014,78.8
Belgium,2015,78.7
Belgium,2016,79
Belgium,2017,79.2
Belgium,2018,79.4
Belgium,2019,79.8
Belgium,2020,78.5
Belgium,2021,79.4
Belgium,2022,79.6
Finland,1990,71
Finland,1991,71.4
Finland,1992,71.7
Finland,1993,72.1
Finland,1994,72.8
Finland,1995,72.8
Finland,1996,73.1
Finland,1997,73.5
Finland,1998,73.6
Finland,1999,73.8
Finland,2000,74.2
Finland,2001,74.6
Finland,2002,74.9
Finland,2003,75.1
Finland,2004,75.4
Finland,2005,75.6
Finland,2006,75.9
Finland,2007,76
Finland,2008,76.5
Finland,2009,76.6
Finland,2010,76.9
Finland,2011,77.3
Finland,2012,77.7
Finland,2013,78
Finland,2014,78.4
Finland,2015,78.7
Finland,2016,78.6
Finland,2017,78.9
Finland,2018,79.1
Finland,2019,79.3
Finland,2020,79.2
Finland,2021,79.3
Finland,2022,78.7
Switzerland,1990,74
Switzerland,1991,74.2
Switzerland,1992,74.5
Switzerland,1993,75
Switzerland,1994,75.2
Switzerland,1995,75.4
Switzerland,1996,76
Switzerland,1997,76.3
Switzerland,1998,76.4
Switzerland,1999,76.8
Switzerland,2000,77
Switzerland,2001,77.5
Switzerland,2002,77.9
Switzerland,2003,78
Switzerland,2004,78.6
Switzerland,2005,78.7
Switzerland,2006,79.2
Switzerland,2007,79.5
Switzerland,2008,79.8
Switzerland,2009,79.9
Switzerland,2010,80.3
Switzerland,2011,80.5
Switzerland,2012,80.6
Switzerland,2013,80.7
Switzerland,2014,81.1
Switzerland,2015,80.8
Switzerland,2016,81.7
Switzerland,2017,81.6
Switzerland,2018,81.9
Switzerland,2019,82.1
Switzerland,2020,81
Switzerland,2021,81.8
Switzerland,2022,81.6
Slovak Republic,1990,66.7
Slovak Republic,1991,66.9
Slovak Republic,1992,67.1
Slovak Republic,1993,67.8
Slovak Republic,1994,68.3
Slovak Republic,1995,68.4
Slovak Republic,1996,68.8
Slovak Republic,1997,68.9
Slovak Republic,1998,68.6
Slovak Republic,1999,69
Slovak Republic,2000,69.2
Slovak Republic,2001,69.5
Slovak Republic,2002,69.8
Slovak Republic,2003,69.8
Slovak Republic,2004,70.3
Slovak Republic,2005,70.2
Slovak Republic,2006,70.4
Slovak Republic,2007,70.6
Slovak Republic,2008,70.9
Slovak Republic,2009,71.4
Slovak Republic,2010,71.8
Slovak Republic,2011,72.3
Slovak Republic,2012,72.5
Slovak Republic,2013,72.9
Slovak Republic,2014,73.3
Slovak Republic,2015,73.1
Slovak Republic,2016,73.8
Slovak Republic,2017,73.8
Slovak Republic,2018,73.9
Slovak Republic,2019,74.3
Slovak Republic,2020,73.5
Slovak Republic,2021,71.2
Slovak Republic,2022,73.7
Croatia,2001,70.9
Croatia,2002,71
Croatia,2003,71
Croatia,2004,71.8
Croatia,2005,71.7
Croatia,2006,72.4
Croatia,2007,72.2
Croatia,2008,72.3
Croatia,2009,72.8
Croatia,2010,73.4
Croatia,2011,73.8
Croatia,2012,73.9
Croatia,2013,74.5
Croatia,2014,74.7
Croatia,2015,74.4
Croatia,2016,75
Croatia,2017,74.9
Croatia,2018,74.9
Croatia,2019,75.5
Croatia,2020,74.7
Croatia,2021,73.6
Croatia,2022,74.6
Japan,1990,75.9
Japan,1991,76.1
Japan,1992,76.1
Japan,1993,76.3
Japan,1994,76.6
Japan,1995,76.4
Japan,1996,77
Japan,1997,77.2
Japan,1998,77.2
Japan,1999,77.1
Japan,2000,77.7
Japan,2001,78.1
Japan,2002,78.3
Japan,2003,78.4
Japan,2004,78.6
Japan,2005,78.6
Japan,2006,79
Japan,2007,79.2
Japan,2008,79.3
Japan,2009,79.6
Japan,2010,79.6
Japan,2011,79.4
Japan,2012,79.9
Japan,2013,80.2
Japan,2014,80.5
Japan,2015,80.8
Japan,2016,81
Japan,2017,81.1
Japan,2018,81.3
Japan,2019,81.4
Japan,2020,81.6
Japan,2021,81.5
Germany,1990,74
Germany,1991,72.2
Germany,1992,72.7
Germany,1993,72.8
Germany,1994,73.1
Germany,1995,73.3
Germany,1996,73.6
Germany,1997,74.1
Germany,1998,74.5
Germany,1999,74.8
Germany,2000,75.1
Germany,2001,75.6
Germany,2002,75.7
Germany,2003,75.8
Germany,2004,76.5
Germany,2005,76.7
Germany,2006,77.2
Germany,2007,77.4
Germany,2008,77.6
Germany,2009,77.8
Germany,2010,78
Germany,2011,77.9
Germany,2012,78.1
Germany,2013,78.1
Germany,2014,78.7
Germany,2015,78.3
Germany,2016,78.6
Germany,2017,78.7
Germany,2018,78.6
Germany,2019,79
Germany,2020,78.7
Germany,2021,78.4
Germany,2022,78.5
Colombia,1990,63.4
Colombia,1991,63.4
Colombia,1992,63.3
Colombia,1993,63.3
Colombia,1994,63.9
Colombia,1995,64.5
Colombia,1996,65
Colombia,1997,65.6
Colombia,1998,66.1
Colombia,1999,66.6
Colombia,2000,67.1
Colombia,2001,67.6
Colombia,2002,68
Colombia,2003,68.5
Colombia,2004,68.9
Colombia,2005,69.3
Colombia,2006,69.6
Colombia,2007,69.9
Colombia,2008,70.2
Colombia,2009,70.5
Colombia,2010,70.8
Colombia,2011,71.1
Colombia,2012,71.4
Colombia,2013,71.7
Colombia,2014,71.9
Colombia,2015,72.2
Colombia,2016,72.5
Colombia,2017,72.7
Colombia,2018,73.3
Colombia,2019,73.5
Colombia,2020,73.6
Colombia,2021,73.7
Colombia,2022,73.8
China (People’s Republic of),1990,65.5
China (People’s Republic of),1991,65.7
China (People’s Republic of),1992,66.1
China (People’s Republic of),1993,66.6
China (People’s Republic of),1994,67
China (People’s Republic of),1995,67.4
China (People’s Republic of),1996,67.8
China (People’s Republic of),1997,68.2
China (People’s Republic of),1998,68.6
China (People’s Republic of),1999,68.9
China (People’s Republic of),2000,69.4
China (People’s Republic of),2001,69.7
China (People’s Republic of),2002,70.2
China (People’s Republic of),2003,70.5
China (People’s Republic of),2004,70.9
China (People’s Republic of),2005,71.3
China (People’s Republic of),2006,71.6
China (People’s Republic of),2007,72
China (People’s Republic of),2008,72.2
China (People’s Republic of),2009,72.4
China (People’s Republic of),2010,72.8
China (People’s Republic of),2011,73.1
China (People’s Republic of),2012,73.4
China (People’s Republic of),2013,73.6
China (People’s Republic of),2014,73.9
China (People’s Republic of),2015,74.1
China (People’s Republic of),2016,74.4
China (People’s Republic of),2017,74.6
China (People’s Republic of),2018,74.4
China (People’s Republic of),2019,75
China (People’s Republic of),2020,75.3
China (People’s Republic of),2021,75.3
China (People’s Republic of),2022,75.5
India,1990,57.5
India,1991,57.9
India,1992,58.3
India,1993,58.7
India,1994,59.1
India,1995,59.5
India,1996,59.9
India,1997,60.3
India,1998,60.7
India,1999,61
India,2000,61.4
India,2001,61.8
India,2002,62.1
India,2003,62.6
India,2004,63
India,2005,63.3
India,2006,63.7
India,2007,64.1
India,2008,64.4
India,2009,64.7
India,2010,65
India,2011,65.3
India,2012,65.8
India,2013,66.3
India,2014,67
India,2015,67.7
India,2016,68.3
India,2017,68.8
India,2018,69.2
India,2019,69.4
India,2020,69.5
India,2021,68.6
India,2022,65.8
Latvia,2002,64.4
Latvia,2003,65.3
Latvia,2004,65.6
Latvia,2005,64.9
Latvia,2006,65
Latvia,2007,65.3
Latvia,2008,66.5
Latvia,2009,67.5
Latvia,2010,67.9
Latvia,2011,68.6
Latvia,2012,68.9
Latvia,2013,69.3
Latvia,2014,69.1
Latvia,2015,69.7
Latvia,2016,69.8
Latvia,2017,69.8
Latvia,2018,70.1
Latvia,2019,70.9
Latvia,2020,70.6
Latvia,2021,68.2
Latvia,2022,69.8
Canada,1990,74.3
Canada,1991,74.5
Canada,1992,74.8
Canada,1993,74.7
Canada,1994,74.9
Canada,1995,75.1
Canada,1996,75.4
Canada,1997,75.7
Canada,1998,76
Canada,1999,76.2
Canada,2000,76.6
Canada,2001,76.9
Canada,2002,77.2
Canada,2003,77.3
Canada,2004,77.7
Canada,2005,77.8
Canada,2006,78.3
Canada,2007,78.3
Canada,2008,78.5
Canada,2009,78.9
Canada,2010,79.2
Canada,2011,79.4
Canada,2012,79.6
Canada,2013,79.7
Canada,2014,79.8
Canada,2015,79.9
Canada,2016,79.9
Canada,2017,79.8
Canada,2018,79.8
Canada,2019,80.2
Canada,2020,79.5
Canada,2021,79.3
Türkiye,1990,65.4
Türkiye,1991,65.7
Türkiye,1992,66.1
Türkiye,1993,66.4
Türkiye,1994,66.8
Türkiye,1995,67.2
Türkiye,1996,67.6
Türkiye,1997,68
Türkiye,1998,68.3
Türkiye,1999,68.6
Türkiye,2000,69
Türkiye,2001,69.4
Türkiye,2002,69.8
Türkiye,2003,70.2
Türkiye,2004,70.6
Türkiye,2005,71
Türkiye,2006,71.2
Türkiye,2007,71.4
Türkiye,2008,71.5
Türkiye,2009,71.7
Türkiye,2010,71.8
Türkiye,2011,72
Türkiye,2012,72
Türkiye,2013,75.3
Türkiye,2014,75.3
Türkiye,2015,75.3
Türkiye,2016,75.3
Türkiye,2017,75.3
Türkiye,2018,75.6
Türkiye,2019,75.9
Peru,1990,61.6
Peru,1991,62.4
Peru,1992,62.8
Peru,1993,63.5
Peru,1994,64.2
Peru,1995,64.8
Peru,1996,65.2
Peru,1997,65.7
Peru,1998,66.1
Peru,1999,66.6
Peru,2000,67.3
Peru,2001,68
Peru,2002,68.8
Peru,2003,69.5
Peru,2004,70.2
Peru,2005,70.7
Peru,2006,71.1
Peru,2007,71.2
Peru,2008,71.3
Peru,2009,71.4
Peru,2010,71.4
Peru,2011,71.6
Peru,2012,72.1
Peru,2013,72.5
Peru,2014,72.9
Peru,2015,73.3
Peru,2016,73.6
Peru,2017,73.7
Peru,2018,73.7
Peru,2019,73.8
Peru,2020,73.9
Peru,2021,70.8
Peru,2022,70.1
Russia,1990,63.7
Russia,1991,63.4
Russia,1992,61.9
Russia,1993,58.8
Russia,1994,57.4
Russia,1995,58.1
Russia,1996,59.6
Russia,1997,60.9
Russia,1998,61.2
Russia,1999,59.9
Russia,2000,59
Russia,2001,58.9
Russia,2002,58.7
Russia,2003,58.5
Russia,2004,58.9
Russia,2005,58.9
Russia,2006,60.4
Russia,2007,61.5
Russia,2008,61.9
Russia,2009,62.9
Russia,2010,63.1
Russia,2011,64
Russia,2012,64.6
Russia,2013,65.1
Russia,2014,65.3
Russia,2015,65.9
Russia,2016,66.5
Russia,2017,67.5
Russia,2018,67.8
Russia,2019,68.2
United States,1990,71.8
United States,1991,72
United States,1992,72.3
United States,1993,72.2
United States,1994,72.4
United States,1995,72.5
United States,1996,73.1
United States,1997,73.6
United States,1998,73.8
United States,1999,73.9
United States,2000,74.1
United States,2001,74.3
United States,2002,74.4
United States,2003,74.5
United States,2004,75
United States,2005,75
United States,2006,75.2
United States,2007,75.5
United States,2008,75.6
United States,2009,76
United States,2010,76.2
United States,2011,76.3
United States,2012,76.4
United States,2013,76.4
United States,2014,76.5
United States,2015,76.3
United States,2016,76.2
United States,2017,76.1
United States,2018,76.2
United States,2019,76.3
United States,2020,74.2
United States,2021,73.5
United Kingdom,1990,72.9
United Kingdom,1991,73.1
United Kingdom,1992,73.5
United Kingdom,1993,73.5
United Kingdom,1994,74
United Kingdom,1995,74
United Kingdom,1996,74.2
United Kingdom,1997,74.5
United Kingdom,1998,74.7
United Kingdom,1999,74.9
United Kingdom,2000,75.4
United Kingdom,2001,75.7
United Kingdom,2002,75.8
United Kingdom,2003,76.1
United Kingdom,2004,76.6
United Kingdom,2005,76.9
United Kingdom,2006,77.2
United Kingdom,2007,77.4
United Kingdom,2008,77.6
United Kingdom,2009,78.1
United Kingdom,2010,78.4
United Kingdom,2011,78.8
United Kingdom,2012,79
United Kingdom,2013,79
United Kingdom,2014,79.3
United Kingdom,2015,79
United Kingdom,2016,79.2
United Kingdom,2017,79.3
United Kingdom,2018,79.2
United Kingdom,2019,79.6
United Kingdom,2020,78.4
Portugal,1990,70.6
Portugal,1991,70.5
Portugal,1992,71
Portugal,1993,71
Portugal,1994,72
Portugal,1995,71.7
Portugal,1996,71.6
Portugal,1997,72.2
Portugal,1998,72.4
Portugal,1999,72.7
Portugal,2000,73.3
Portugal,2001,73.6
Portugal,2002,73.9
Portugal,2003,74.2
Portugal,2004,75
Portugal,2005,74.9
Portugal,2006,75.5
Portugal,2007,75.9
Portugal,2008,76.2
Portugal,2009,76.5
Portugal,2010,76.8
Portugal,2011,77.3
Portugal,2012,77.3
Portugal,2013,77.6
Portugal,2014,78
Portugal,2015,78.1
Portugal,2016,78.1
Portugal,2017,78.4
Portugal,2018,78.3
Portugal,2019,78.7
Portugal,2020,78
Portugal,2021,78.5
Portugal,2022,78.8
Indonesia,1990,61.1
Indonesia,1991,61.6
Indonesia,1992,62.1
Indonesia,1993,62.6
Indonesia,1994,62.9
Indonesia,1995,63.4
Indonesia,1996,63.7
Indonesia,1997,63.9
Indonesia,1998,64.1
Indonesia,1999,64.5
Indonesia,2000,64.5
Indonesia,2001,64.9
Indonesia,2002,65
Indonesia,2003,65.6
Indonesia,2004,65.6
Indonesia,2005,64.4
Indonesia,2006,66
Indonesia,2007,66
Indonesia,2008,66.5
Indonesia,2009,66.5
Indonesia,2010,66.6
Indonesia,2011,66.9
Indonesia,2012,67.1
Indonesia,2013,67.2
Indonesia,2014,67.2
Indonesia,2015,67.6
Indonesia,2016,67.8
Indonesia,2017,67.9
Indonesia,2018,68
Indonesia,2019,68.3
Indonesia,2020,68.5
Indonesia,2021,66.7
Indonesia,2022,65.5
Chile,1990,70.2
Chile,1991,70.7
Chile,1992,71.1
Chile,1993,71.4
Chile,1994,71.7
Chile,1995,72
Chile,1996,72.3
Chile,1997,72.5
Chile,1998,72.8
Chile,1999,73.1
Chile,2000,73.4
Chile,2001,73.6
Chile,2002,73.9
Chile,2003,74.2
Chile,2004,74.4
Chile,2005,74.7
Chile,2006,74.9
Chile,2007,75.1
Chile,2008,75.4
Chile,2009,75.6
Chile,2010,75.9
Chile,2011,76.1
Chile,2012,76.3
Chile,2013,76.6
Chile,2014,76.8
Chile,2015,77
Chile,2016,77.2
Chile,2017,77.4
Chile,2018,77.7
Chile,2019,77.9
Chile,2020,78.1
Chile,2021,78.3
Chile,2022,78.5
Poland,1990,66.3
Poland,1991,65.9
Poland,1992,66.5
Poland,1993,67.2
Poland,1994,67.5
Poland,1995,67.7
Poland,1996,68.1
Poland,1997,68.5
Poland,1998,68.9
Poland,1999,68.8
Poland,2000,69.6
Poland,2001,70
Poland,2002,70.3
Poland,2003,70.5
Poland,2004,70.6
Poland,2005,70.8
Poland,2006,70.9
Poland,2007,71
Poland,2008,71.3
Poland,2009,71.5
Poland,2010,72.2
Poland,2011,72.5
Poland,2012,72.6
Poland,2013,73
Poland,2014,73.7
Poland,2015,73.5
Poland,2016,73.9
Poland,2017,73.9
Poland,2018,73.7
Poland,2019,74.1
Poland,2020,72.5
Poland,2021,71.6
Poland,2022,73.5
Netherlands,1990,73.8
Netherlands,1991,74.1
Netherlands,1992,74.3
Netherlands,1993,74
Netherlands,1994,74.6
Netherlands,1995,74.6
Netherlands,1996,74.7
Netherlands,1997,75.2
Netherlands,1998,75.2
Netherlands,1999,75.3
Netherlands,2000,75.6
Netherlands,2001,75.8
Netherlands,2002,76
Netherlands,2003,76.3
Netherlands,2004,76.9
Netherlands,2005,77.2
Netherlands,2006,77.7
Netherlands,2007,78.1
Netherlands,2008,78.4
Netherlands,2009,78.7
Netherlands,2010,78.9
Netherlands,2011,79.4
Netherlands,2012,79.3
Netherlands,2013,79.5
Netherlands,2014,80
Netherlands,2015,79.9
Netherlands,2016,80
Netherlands,2017,80.2
Netherlands,2018,80.3
Netherlands,2019,80.6
Netherlands,2020,79.7
Netherlands,2021,79.7
Netherlands,2022,80.3
Brazil,1990,63.3
Brazil,1991,63.1
Brazil,1992,63.4
Brazil,1993,63.8
Brazil,1994,64.2
Brazil,1995,64.6
Brazil,1996,64.9
Brazil,1997,65.4
Brazil,1998,65.7
Brazil,1999,66.1
Brazil,2000,66.4
Brazil,2001,66.3
Brazil,2002,66.6
Brazil,2003,66.8
Brazil,2004,67.2
Brazil,2005,67.5
Brazil,2006,68.3
Brazil,2007,68.5
Brazil,2008,69
Brazil,2009,69.4
Brazil,2010,69.7
Brazil,2011,69.8
Brazil,2012,70.1
Brazil,2013,70.3
Brazil,2014,70.7
Brazil,2015,71.2
Brazil,2016,71.1
Brazil,2017,71.1
Brazil,2018,71.6
Brazil,2019,72
Brazil,2020,72.2
Brazil,2021,70.7
Brazil,2022,69.6
Bulgaria,1990,68
Bulgaria,1991,68
Bulgaria,1992,67.8
Bulgaria,1993,67.6
Bulgaria,1994,67.3
Bulgaria,1995,67.4
Bulgaria,1996,67.4
Bulgaria,1997,67
Bulgaria,1998,67.4
Bulgaria,1999,68.2
Bulgaria,2000,68.4
Bulgaria,2001,68.6
Bulgaria,2002,68.8
Bulgaria,2003,68.9
Bulgaria,2004,69
Bulgaria,2005,69
Bulgaria,2006,69.2
Bulgaria,2007,69.5
Bulgaria,2008,69.8
Bulgaria,2009,70.2
Bulgaria,2010,70.3
Bulgaria,2011,70.7
Bulgaria,2012,70.9
Bulgaria,2013,71.3
Bulgaria,2014,71.1
Bulgaria,2015,71.2
Bulgaria,2016,71.3
Bulgaria,2017,71.4
Bulgaria,2018,71.5
Bulgaria,2019,71.6
Bulgaria,2020,70
Bulgaria,2021,68
Bulgaria,2022,70.8
France,1990,72.8
France,1991,73
France,1992,73.3
France,1993,73.4
France,1994,73.8
France,1995,73.9
France,1996,74.2
France,1997,74.6
France,1998,74.9
France,1999,75.1
France,2000,75.4
France,2001,75.5
France,2002,75.8
France,2003,75.8
France,2004,76.7
France,2005,76.8
France,2006,77.4
France,2007,77.6
France,2008,77.9
France,2009,78
France,2010,78.3
France,2011,78.8
France,2012,78.7
France,2013,79
France,2014,79.5
France,2015,79.2
France,2016,79.5
France,2017,79.6
France,2018,79.7
France,2019,79.9
France,2020,79.2
France,2021,79.3
France,2022,79.4
Romania,1990,66.7
Romania,1991,66.8
Romania,1992,66
Romania,1993,65.9
Romania,1994,65.7
Romania,1995,65.5
Romania,1996,65.1
Romania,1997,65.2
Romania,1998,66.3
Romania,1999,67.1
Romania,2000,67.7
Romania,2001,67.5
Romania,2002,67.3
Romania,2003,67.4
Romania,2004,67.8
Romania,2005,68.4
Romania,2006,69
Romania,2007,69.5
Romania,2008,69.7
Romania,2009,69.8
Romania,2010,70
Romania,2011,70.8
Romania,2012,70.9
Romania,2013,71.6
Romania,2014,71.3
Romania,2015,71.4
Romania,2016,71.6
Romania,2017,71.6
Romania,2018,71.7
Romania,2019,71.9
Romania,2020,70.4
Romania,2021,69.2
Romania,2022,71.5
Hungary,1990,65.2
Hungary,1991,65.1
Hungary,1992,64.7
Hungary,1993,64.7
Hungary,1994,65
Hungary,1995,65.4
Hungary,1996,66.3
Hungary,1997,66.7
Hungary,1998,66.5
Hungary,1999,66.7
Hungary,2000,67.5
Hungary,2001,68.2
Hungary,2002,68.3
Hungary,2003,68.4
Hungary,2004,68.7
Hungary,2005,68.7
Hungary,2006,69.2
Hungary,2007,69.4
Hungary,2008,70
Hungary,2009,70.3
Hungary,2010,70.7
Hungary,2011,71.2
Hungary,2012,71.6
Hungary,2013,72.2
Hungary,2014,72.3
Hungary,2015,72.3
Hungary,2016,72.6
Hungary,2017,72.5
Hungary,2018,72.7
Hungary,2019,73.1
Hungary,2020,72.3
Hungary,2021,70.7
Hungary,2022,72.7
Austria,1990,72.3
Austria,1991,72.3
Austria,1992,72.5
Austria,1993,72.8
Austria,1994,73.2
Austria,1995,73.4
Austria,1996,73.7
Austria,1997,74.1
Austria,1998,74.5
Austria,1999,74.9
Austria,2000,75.2
Austria,2001,75.6
Austria,2002,75.8
Austria,2003,75.9
Austria,2004,76.4
Austria,2005,76.6
Austria,2006,77.1
Austria,2007,77.4
Austria,2008,77.7
Austria,2009,77.6
Austria,2010,77.8
Austria,2011,78.3
Austria,2012,78.4
Austria,2013,78.6
Austria,2014,79.1
Austria,2015,78.8
Austria,2016,79.3
Austria,2017,79.4
Austria,2018,79.4
Austria,2019,79.7
Austria,2020,78.9
Austria,2021,78.8
Austria,2022,78.8
New Zealand,1990,72.5
New Zealand,1991,72.9
New Zealand,1992,73.2
New Zealand,1993,73.5
New Zealand,1994,73.8
New Zealand,1995,74.1
New Zealand,1996,74.4
New Zealand,1997,74.8
New Zealand,1998,75.2
New Zealand,1999,75.6
New Zealand,2000,75.9
New Zealand,2001,76.3
New Zealand,2002,76.7
New Zealand,2003,77
New Zealand,2004,77.4
New Zealand,2005,77.7
New Zealand,2006,78
New Zealand,2007,78.2
New Zealand,2008,78.4
New Zealand,2009,78.7
New Zealand,2010,78.9
New Zealand,2011,79.1
New Zealand,2012,79.3
New Zealand,2013,79.5
New Zealand,2014,79.6
New Zealand,2015,79.7
New Zealand,2016,79.8
New Zealand,2017,79.9
New Zealand,2018,80
New Zealand,2019,80.3
New Zealand,2020,80.5
New Zealand,2021,80.5
Italy,1990,73.8
Italy,1991,73.8
Italy,1992,74.2
Italy,1993,74.6
Italy,1994,74.8
Italy,1995,75
Italy,1996,75.4
Italy,1997,75.8
Italy,1998,76
Italy,1999,76.4
Italy,2000,76.9
Italy,2001,77.2
Italy,2002,77.4
Italy,2003,77.3
Italy,2004,78
Italy,2005,78.1
Italy,2006,78.6
Italy,2007,78.8
Italy,2008,78.9
Italy,2009,79.1
Italy,2010,79.5
Italy,2011,79.7
Italy,2012,79.8
Italy,2013,80.3
Italy,2014,80.7
Italy,2015,80.3
Italy,2016,81
Italy,2017,80.8
Italy,2018,81.2
Italy,2019,81.4
Italy,2020,80
Italy,2021,80.5
Italy,2022,80.9
Lithuania,1990,66.4
Lithuania,1991,65.1
Lithuania,1992,64.8
Lithuania,1993,63.1
Lithuania,1994,62.5
Lithuania,1995,63.3
Lithuania,1996,64.6
Lithuania,1997,65.5
Lithuania,1998,66
Lithuania,1999,66.3
Lithuania,2000,66.7
Lithuania,2001,65.9
Lithuania,2002,66.1
Lithuania,2003,66.4
Lithuania,2004,66.2
Lithuania,2005,65.2
Lithuania,2006,65
Lithuania,2007,64.5
Lithuania,2008,65.9
Lithuania,2009,67.1
Lithuania,2010,67.6
Lithuania,2011,68.1
Lithuania,2012,68.4
Lithuania,2013,68.5
Lithuania,2014,69.2
Lithuania,2015,69.2
Lithuania,2016,69.5
Lithuania,2017,70.7
Lithuania,2018,70.9
Lithuania,2019,71.6
Lithuania,2020,70.1
Lithuania,2021,69.5
Lithuania,2022,71.5
Australia,1990,73.9
Australia,1991,74.4
Australia,1992,74.5
Australia,1993,75
Australia,1994,75
Australia,1995,75
Australia,1996,75.2
Australia,1997,75.6
Australia,1998,75.9
Australia,1999,76.2
Australia,2000,76.6
Australia,2001,77
Australia,2002,77.4
Australia,2003,77.8
Australia,2004,78.1
Australia,2005,78.5
Australia,2006,78.7
Australia,2007,79
Australia,2008,79.2
Australia,2009,79.3
Australia,2010,79.5
Australia,2011,79.7
Australia,2012,79.9
Australia,2013,80.1
Australia,2014,80.3
Australia,2015,80.4
Australia,2016,80.4
Australia,2017,80.5
Australia,2018,80.7
Australia,2019,80.9
Australia,2020,81.2
Australia,2021,81.3
Sweden,1990,74.8
Sweden,1991,75
Sweden,1992,75.4
Sweden,1993,75.5
Sweden,1994,76.1
Sweden,1995,76.2
Sweden,1996,76.6
Sweden,1997,76.8
Sweden,1998,76.9
Sweden,1999,77.1
Sweden,2000,77.4
Sweden,2001,77.6
Sweden,2002,77.7
Sweden,2003,78
Sweden,2004,78.4
Sweden,2005,78.5
Sweden,2006,78.8
Sweden,2007,79
Sweden,2008,79.2
Sweden,2009,79.4
Sweden,2010,79.6
Sweden,2011,79.9
Sweden,2012,79.9
Sweden,2013,80.2
Sweden,2014,80.4
Sweden,2015,80.4
Sweden,2016,80.6
Sweden,2017,80.8
Sweden,2018,80.9
Sweden,2019,81.5
Sweden,2020,80.6
Sweden,2021,81.3
Sweden,2022,81.5
Slovenia,1990,69.8
Slovenia,1991,69.5
Slovenia,1992,69.6
Slovenia,1993,69.4
Slovenia,1994,70.1
Slovenia,1995,70.8
Slovenia,1996,71.1
Slovenia,1997,71.1
Slovenia,1998,71.3
Slovenia,1999,71.8
Slovenia,2000,72.2
Slovenia,2001,72.3
Slovenia,2002,72.6
Slovenia,2003,72.5
Slovenia,2004,73.5
Slovenia,2005,73.9
Slovenia,2006,74.5
Slovenia,2007,74.6
Slovenia,2008,75.5
Slovenia,2009,75.9
Slovenia,2010,76.4
Slovenia,2011,76.8
Slovenia,2012,77.1
Slovenia,2013,77.2
Slovenia,2014,78.2
Slovenia,2015,77.8
Slovenia,2016,78.2
Slovenia,2017,78.2
Slovenia,2018,78.5
Slovenia,2019,78.7
Slovenia,2020,77.8
Slovenia,2021,77.7
Slovenia,2022,78.6
Israel,1990,74.9
Israel,1991,75.1
Israel,1992,74.7
Israel,1993,75.3
Israel,1994,75.5
Israel,1995,75.5
Israel,1996,76.3
Israel,1997,76
Israel,1998,76.1
Israel,1999,76.6
Israel,2000,76.7
Israel,2001,77.3
Israel,2002,77.5
Israel,2003,77.6
Israel,2004,78
Israel,2005,78.2
Israel,2006,78.7
Israel,2007,78.7
Israel,2008,79
Israel,2009,79.6
Israel,2010,79.7
Israel,2011,79.9
Israel,2012,79.9
Israel,2013,80.3
Israel,2014,80.3
Israel,2015,80.1
Israel,2016,80.7
Israel,2017,80.6
Israel,2018,80.9
Israel,2019,81
Israel,2020,80.6
Israel,2021,80.5
Israel,2022,80.9
Czechia,1990,67.6
Czechia,1991,68.2
Czechia,1992,68.6
Czechia,1993,69.3
Czechia,1994,69.5
Czechia,1995,69.7
Czechia,1996,70.4
Czechia,1997,70.5
Czechia,1998,71.2
Czechia,1999,71.5
Czechia,2000,71.6
Czechia,2001,72
Czechia,2002,72.1
Czechia,2003,72
Czechia,2004,72.5
Czechia,2005,72.9
Czechia,2006,73.5
Czechia,2007,73.8
Czechia,2008,74.1
Czechia,2009,74.3
Czechia,2010,74.5
Czechia,2011,74.8
Czechia,2012,75.1
Czechia,2013,75.2
Czechia,2014,75.8
Czechia,2015,75.7
Czechia,2016,76.1
Czechia,2017,76.1
Czechia,2018,76.2
Czechia,2019,76.4
Czechia,2020,75.3
Czechia,2021,74.1
Czechia,2022,76.2
Denmark,1990,72
Denmark,1991,72.5
Denmark,1992,72.6
Denmark,1993,72.6
Denmark,1994,72.8
Denmark,1995,72.7
Denmark,1996,73.1
Denmark,1997,73.6
Denmark,1998,74
Denmark,1999,74.2
Denmark,2000,74.5
Denmark,2001,74.7
Denmark,2002,74.8
Denmark,2003,75
Denmark,2004,75.4
Denmark,2005,76
Denmark,2006,76.1
Denmark,2007,76.2
Denmark,2008,76.5
Denmark,2009,76.9
Denmark,2010,77.2
Denmark,2011,77.8
Denmark,2012,78.1
Denmark,2013,78.3
Denmark,2014,78.7
Denmark,2015,78.8
Denmark,2016,79
Denmark,2017,79.2
Denmark,2018,79.1
Denmark,2019,79.5
Denmark,2020,79.7
Denmark,2021,79.6
Denmark,2022,79.5
Ireland,1990,72.1
Ireland,1991,72.3
Ireland,1992,72.7
Ireland,1993,72.5
Ireland,1994,73.1
Ireland,1995,72.8
Ireland,1996,73.1
Ireland,1997,73.4
Ireland,1998,73.4
Ireland,1999,73.4
Ireland,2000,74
Ireland,2001,74.5
Ireland,2002,75
Ireland,2003,75.7
Ireland,2004,76.1
Ireland,2005,76.7
Ireland,2006,76.9
Ireland,2007,77.3
Ireland,2008,77.9
Ireland,2009,77.8
Ireland,2010,78.5
Ireland,2011,78.6
Ireland,2012,78.7
Ireland,2013,78.9
Ireland,2014,79.3
Ireland,2015,79.6
Ireland,2016,79.8
Ireland,2017,80.4
Ireland,2018,80.4
Ireland,2019,80.8
Ireland,2020,80.8
Ireland,2021,80.5
Iceland,1990,75.5
Iceland,1991,74.9
Iceland,1992,76.8
Iceland,1993,77.1
Iceland,1994,77.1
Iceland,1995,76
Iceland,1996,76.5
Iceland,1997,76.3
Iceland,1998,77.7
Iceland,1999,77.4
Iceland,2000,77.8
Iceland,2001,78.3
Iceland,2002,78.6
Iceland,2003,79.5
Iceland,2004,78.9
Iceland,2005,79.6
Iceland,2006,79.5
Iceland,2007,79.6
Iceland,2008,80
Iceland,2009,79.8
Iceland,2010,79.8
Iceland,2011,80.7
Iceland,2012,81.6
Iceland,2013,80.5
Iceland,2014,81.3
Iceland,2015,81.2
Iceland,2016,80.4
Iceland,2017,81.1
Iceland,2018,81.3
Iceland,2019,81.7
Iceland,2020,81.6
Iceland,2021,81.8
Iceland,2022,81
Spain,1990,73.3
Spain,1991,73.4
Spain,1992,73.8
Spain,1993,74
Spain,1994,74.4
Spain,1995,74.4
Spain,1996,74.5
Spain,1997,75.2
Spain,1998,75.3
Spain,1999,75.3
Spain,2000,75.8
Spain,2001,76.3
Spain,2002,76.4
Spain,2003,76.4
Spain,2004,77
Spain,2005,77
Spain,2006,77.8
Spain,2007,77.9
Spain,2008,78.3
Spain,2009,78.8
Spain,2010,79.2
Spain,2011,79.5
Spain,2012,79.5
Spain,2013,80.2
Spain,2014,80.4
Spain,2015,80.1
Spain,2016,80.5
Spain,2017,80.6
Spain,2018,80.7
Spain,2019,81.1
Spain,2020,79.6
Spain,2021,80.4
Spain,2022,80.4
South Africa,1990,60.1
South Africa,1991,59.9
South Africa,1992,59.5
South Africa,1993,59.5
South Africa,1994,59.1
South Africa,1995,58.8
South Africa,1996,58.4
South Africa,1997,57.8
South Africa,1998,57.3
South Africa,1999,56.6
South Africa,2000,56
South Africa,2001,55.4
South Africa,2002,54.6
South Africa,2003,53.2
South Africa,2004,52
South Africa,2005,51.9
South Africa,2006,52.1
South Africa,2007,52.2
South Africa,2008,52.7
South Africa,2009,53.5
South Africa,2010,54.7
South Africa,2011,56.1
South Africa,2012,57.7
South Africa,2013,58.8
South Africa,2014,59.4
South Africa,2015,60.1
South Africa,2016,60.7
South Africa,2017,61.3
South Africa,2018,62
South Africa,2019,62.2
South Africa,2020,62.8
South Africa,2021,62.2
South Africa,2022,59.5
Luxembourg,1990,72.4
Luxembourg,1991,72
Luxembourg,1992,71.9
Luxembourg,1993,72.2
Luxembourg,1994,73.2
Luxembourg,1995,73
Luxembourg,1996,73.3
Luxembourg,1997,74
Luxembourg,1998,73.7
Luxembourg,1999,74.4
Luxembourg,2000,74.6
Luxembourg,2001,75.1
Luxembourg,2002,74.6
Luxembourg,2003,74.8
Luxembourg,2004,76
Luxembourg,2005,76.7
Luxembourg,2006,76.8
Luxembourg,2007,76.7
Luxembourg,2008,78.1
Luxembourg,2009,78.1
Luxembourg,2010,77.9
Luxembourg,2011,78.5
Luxembourg,2012,79.1
Luxembourg,2013,79.8
Luxembourg,2014,79.4
Luxembourg,2015,80
Luxembourg,2016,80.1
Luxembourg,2017,79.9
Luxembourg,2018,80.1
Luxembourg,2019,80.2
Luxembourg,2020,79.9
Luxembourg,2021,80.5
Luxembourg,2022,80.9
Mexico,1990,67
Mexico,1991,68.6
Mexico,1992,68.9
Mexico,1993,69.2
Mexico,1994,69.4
Mexico,1995,69.5
Mexico,1996,70
Mexico,1997,70.4
Mexico,1998,70.7
Mexico,1999,71.3
Mexico,2000,72
Mexico,2001,72.4
Mexico,2002,72.4
Mexico,2003,72.4
Mexico,2004,72.8
Mexico,2005,72.6
Mexico,2006,72.9
Mexico,2007,72.7
Mexico,2008,72.2
Mexico,2009,71.9
Mexico,2010,71.6
Mexico,2011,71.8
Mexico,2012,72
Mexico,2013,72.1
Mexico,2014,72.1
Mexico,2015,71.9
Mexico,2016,72
Mexico,2017,72
Mexico,2018,72.2
Mexico,2019,72.2
Mexico,2020,72.4
Mexico,2021,72.5
Norway,1990,73.4
Norway,1991,74
Norway,1992,74.2
Norway,1993,74.2
Norway,1994,74.9
Norway,1995,74.8
Norway,1996,75.4
Norway,1997,75.5
Norway,1998,75.6
Norway,1999,75.6
Norway,2000,76
Norway,2001,76.2
Norway,2002,76.4
Norway,2003,77.1
Norway,2004,77.6
Norway,2005,77.8
Norway,2006,78.2
Norway,2007,78.3
Norway,2008,78.4
Norway,2009,78.7
Norway,2010,79
Norway,2011,79.1
Norway,2012,79.5
Norway,2013,79.8
Norway,2014,80.1
Norway,2015,80.5
Norway,2016,80.7
Norway,2017,81
Norway,2018,81.1
Norway,2019,81.3
Norway,2020,81.6
Norway,2021,81.7
Norway,2022,81
